name;advertiser
Assurland Auto;Assurland
Cofidis;Cofidis
Credit Dispo;White Label
We sur Auto;We sur Auto
X trade;X trade
adoucisseur d'eau;adoucisseur d'eau
Ascenseur Maison;White Label
Assurland Assurance RC Pro B2B;Assurland
Commercial Cleaning FR;White Label
Distributeur automatique;White Label
Garantie Decenale;White Label
Mergers & Acquisitions // Fusac;White Label
Prevoyance B2B;White Label
Telecoms providers;White Label
Ticket Restaurant FR;Edenred
Tracking FR;White Label
voiture;White Label
Water Coolers;White Label
website designer;White Label
Ulys;Ulys
volkswagen;volkswagen
Allianz Auto FR;Allianz
Allianz MRH;Allianz
Allianz sante;Allianz
Arts et fenetres;White Label
Comparateur mutuelle;White Label
ikki sante;Ikki
Investiment immobilier;White Label
Isolation;White Label
ITE;ITE
Monte Escalier;White Label
PER;White Label
Radiateur Electrique;White Label
Sodedif santé;Sodedif santé
Chez les seniors obseques;White Label
Prevoyance;Prevoyance
Comme J'aime;Comme J'aime
Credit mini taux;White Label
Mateva;Mateva
Melia Mutuelle;Melia Mutuelle
Agos;Agos
Arquati;Arquati
Attiva Risparmia Enel;Enel
Bagnitaliani;White Label
BNT;BNT
Citroen;Citroen
Climatizzatore;White Label
Dam Service Tim;Tim
Depuragreen;Depuragreen
Fastweb;Fastweb
Febal Casa;Febal Casa
inteligenza artificiale;White Label
Lenergy;Lenergy
Movenzia Panda;Movenzia
Murprotect ES;Murprotect
Murprotect IT;Murprotect
Nielsen;Nielsen
Remail Docce;White Label
Satispay;Satispay
Studium;White Label
Verisure IT;Verisure
Wallstreet english ;Wallstreet english 
Svenson ;Svenson 
Accounting ES;White Label
Commercial Cleaning;White Label
Fuel Card - ES;White Label
Merchant Service;White Label
Tracking ES;White Label
Miatel;Miatel
Sanitas;Sanitas
Endesa;Endesa
Ricoh Print ES;Ricoh
Caixa research CPM;Caixa
Justalia;Justalia
aldeas infantiles;aldeas infantiles
Clinica Baviera;Clinica Baviera
dacia;Dacia
Dacia ;Dacia 
FlexiCar;FlexiCar
Lowi;Lowi
Melia Hotels CPM - ES;Melia Hotels
Movistar Prosegur Alarmas;Movistar Prosegur
Movistar+ CPC;Movistar+
naturgy;naturgy
Northgate Particulares;Northgate
para y compara ;White Label
Repsol Energía y Gas;Repsol
Sanitas Dental;Sanitas
Securitas CPM;Securitas Direct
Securitas Direct ES;Securitas Direct
Tarifalo Solar;Tarifalo Solar
Veci ;Veci
Ariel Caldaie;Ariel Caldaie
Banklider Home;Banklider
Banklider Paneles Solares;Banklider
Badkamerrenoveren;Badkamerrenoveren
Capitall;Capitall
Dakreiniging;Dakreiniging
dakrenovatie;dakrenovatie
Helan Hospitalia;Helan Hospitalia
IBIS BENL;Ibis
Laadpalen;Laadpalen
Nomad;Nomad
Panneaux Solaires;White Label
Warmtepomp;White Label
Zonnepanelen BENL;Zonnepanelen
Adeslas;Adeslas
Adeslas ;Adeslas 
Aquaservice;Aquaservice
Asisa Decesos;Asisa
DKV Decesos;DKV
Iberdrola;Iberdrola
Preventiva;Preventiva
Santa Lucia;Santa Lucia
Revolut;Revolut
Borne Recharge;White Label
Business Alarm;White Label
cartes cadeaux;White Label
Company Car;White Label
Copiers And Printers;White Label
Mutuelle FR;White Label
Vending Machines;White Label
Allianz Coche;Allianz
Invesstiment immobilier;White Label
Orange maison protegee;White Label
Primaliance;White Label
Sector Alarm;White Label
April Assurance;April
Assurance Obsèques;White Label
Canal plus B2B;White Label
Culligan Adoucisseur;Culligan 
Mobility Fleet;White Label
Verisure FR;Verisure
Alfa Romeo Stelvio;Alfa Romeo
amazon;White Label
Audifonos;White Label
Energia 3c;Energia 3c
Equity Release;White Label
Groene Energie;Groene Energie
TelePass;TelePass
Unipegasso;Unipegasso
Acqualife IT;Acqualife
Cartel de coches;Cartel de coches
Pharmacy2U;Pharmacy2U
Help by windows;White Label
Accounting software ES;White Label
Fuel Cards ES;White Label
Tracking  Géolocalisation ES;White Label
EF Cpm;EF
Linea Directa ;Linea Directa 
Medicos sin fronteras;Medicos sin fronteras
OCU;OCU
Ok Mobility;Ok Mobility
Sicor Alarmas;Sicor
Eni Plenitud Fotovoltaico;Eni Plenitud
Air Conditionné BENL;White Label
Decesos Marca Blanca;White Label
Helvetia;Helvetia
Olio frantoio;Olio frantoio
Ricoh Docuware;Ricoh
Yooz CPM;Yooz
pompe a chaleur;White Label
Costa Croisieres;Costa Croisieres
Gift Vouchers;White Label
daikin;daikin
mutuelle senior immediate devis;White Label
afi sante;afi sante
Banque et credit;White Label
Piscine;White Label
Telepass end to end CPL;Energia 3c
Eni Plenitude;Eni Plenitude
piu finestre;White Label
Accounting Software;White Label
Tracking // Géolocalisation;White Label
cear ;Cear
Divina Pastora Salud;Divina Pastora
Linea directa CPM ;Linea directa
Optica 2000;Optica 2000
renault trafic;renault trafic
DKV Integral;DKV
FuneCap;FuneCap
Occhiali24;Occhiali24
leapmotor;leapmotor
Europcar;Europcar
Goldcar;Goldcar
Gafas Steiner;Gafas Steiner
clubmed;clubmed
Genci;Genci
landrover;landrover
decathlon;decathlon
Fundación Caixa;Fundación Caixa
Climatisation;White Label
Depiltech;Depiltech
metlife;metlife
rachatcredit;White Label
BNL;White Label
Energia Guida Gratuita;White Label
Sicor;White Label
Weekend desk;Weekend desk
OCASO;OCASO
DS AUTO;DS AUTO
IDA;IDA
Epargne;Épargne&Retraite
mutuelle integrale;White Label
assurance animaux;White Label
Buoni Pasto Restaurant;Edenred
bussines alarm;White Label
carte restaurant;White Label
Diesel Emissions Claims;Diesel Claim
EdenRed;Edenred
Energy Supplier;White Label
EPOS - FR;White Label
Fraking Machine;White Label
Magnet Kitchen;Magnet
Sell my car;Car wow
TimVision;Tim
Alarma Segura;White Label
Aseguramos decesos;Aseguramos online
B100 CPM;B100
Masterclass CPM ;Digital Group
AutoSecure;White Label
British Gas;British Gas
Car Finance Claim;White Label
Knight knox ;Knight knox 
North Fox Property Axiom;North Fox Property
PiperDrive;PiperDrive
Shutterly;Shutterly
Hello Fresh;Hello Fresh
Caser General;Caser Seguros
Kpark;Kpark
InterFlora;InterFlora
Toyota ;Toyota 
Opera San Francisco;Opera San Francesco
Claudie Pierlot;Claudie Pierlot
Aliexpress;Aliexpress
Douche senior;White Label
Expert assur Mutuelle;White Label
Car wow;Car wow
Grohe;Grohe
iCompario B2B;White Label
MG Auto;MG Auto
windows recycling;White Label
Save energy;White Label
MásMovil;MásMovil
Movistar + CPC;Movistar
Ariel Clima;White Label
HomePanda;HomePanda
Birchmore Axiom;White Label
Hillarys;Hillarys
Medical Negligence Experts;White Label
Wickes Kitchen ;White Label
leclerc energies;leclerc energies
Sabadell ;Sabadell 
Diblafe;Diblafe
Vodafone;Vodafone
LaFuma;LaFuma
Bmw IX;Bmw
NovaLuz;NovaLuz
Apicil;Apicil
ENGIE my power;ENGIE my power
people & baby;people & baby
Volvo;Volvo
Photovoltaique;White Label
Car Insurance Quote;White Label
Deakin's Yard ;Deakin's Yard 
deal direct remortage;White Label
Free Boiler;White Label
Police Claims;White Label
Radius Vehicle Tracking;White Label
Serious injury consultants;White Label
Unimercatorum;Unimercatorum
Verisure - UK;Verisure
Doddle Health;Doddle Health
Fuel Card - UK;White Label
National Disreoair Claims ;White Label
Nify fifty;Nify fifty
Amazon Code;White Label
Cruz Roja;Cruz Roja
Birchmor;White Label
ONG ;White Label
Tim Fibra;Tim
Defensores Legales;White Label
AirZone;White Label
Lissac;Lissac
Sarenza;Sarenza
Vente a la propriete CPC;White Label
Volotea;Volotea
